<?xml version="1.0" encoding="UTF-8"?>
<monster name="Braindeath" nameDescription="a braindeath" race="undead" experience="895" speed="270" manacost="0">
	<health now="1225" max="1225"/>
	<look type="256" corpse="7256"/>
	<targetchange interval="5000" chance="8"/>
	<strategy attack="100" defense="0"/>
	<flags>
		<flag summonable="0"/>
		<flag attackable="1"/>
		<flag hostile="1"/>
		<flag illusionable="1"/>
		<flag convinceable="0"/>
		<flag pushable="0"/>
		<flag canpushitems="1"/>
		<flag canpushcreatures="0"/>
		<flag targetdistance="5"/>
		<flag staticattack="90"/>
		<flag runonhealth="0"/>
	</flags>
	<attacks>
		<attack name="melee" interval="2000" skill="30" attack="50"/>
		<attack name="energy" interval="2000" chance="25" range="7" min="-93" max="-170">
			<attribute key="shootEffect" value="energy"/>
		</attack>
		<attack name="fire" interval="2000" chance="20" range="7" min="0" max="-125">
			<attribute key="shootEffect" value="fire"/>
		</attack>
		<attack name="physical" interval="2000" chance="20" range="7" min="0" max="-170">
			<attribute key="shootEffect" value="suddendeath"/>
			<attribute key="areaEffect" value="mortarea"/>
		</attack>
		<attack name="poison" interval="2000" chance="25" range="7" min="-65" max="-125">
			<attribute key="shootEffect" value="poison"/>
		</attack>
		<attack name="manadrain" interval="2000" chance="30" range="7" min="0" max="-155">
			<attribute key="areaEffect" value="redshimmer"/>
		</attack>
		<attack name="speed" interval="2000" chance="10" range="7" speedchange="-600" duration="20000">
			<attribute key="areaEffect" value="redshimmer"/>
		</attack>
	</attacks>
	<defenses armor="12" defense="12">
		<defense name="healing" interval="4000" chance="5" min="85" max="180">
			<attribute key="areaEffect" value="blueshimmer"/>
		</defense>
	</defenses>
		<elements>
		<element icePercent="20"/>
		<element physicalPercent="10"/>
		<element holyPercent="-20"/>
		<element firePercent="-15"/>
	</elements>
	<immunities>
		<immunity earth="1"/>
		<immunity death="1"/>
		<immunity invisible="1"/>
	</immunities>
	<summons maxSummons="2">
		<summon name="Vampire" interval="2000" chance="10"/>
	</summons>
	<voices interval="5000" chance="10">
		<voice sentence="You have disturbed my thoughts!"/>
		<voice sentence="Let me turn you into something more useful!"/>
		<voice sentence="Let me taste your brain!"/>
		<voice sentence="You will be punished!"/>
	</voices>
	<loot>
		<item id="2148" countmax="89" chance="35000"/><!-- gold coin -->
		<item id="2509" chance="5000"/><!-- steel shield -->
		<item id="2423" chance="7000"/><!-- clerical mace -->
		<item id="7452" chance="950"/><!-- spiked squelcher-->
		<item id="2450" chance="8000"/><!-- bone sword -->
		<item id="10580" chance="5000"/><!-- piece of dead brain -->
		<item id="7407" chance="1000"/><!-- haunted blade -->
		<item id="3972" chance="10"/><!-- bonelord helmet -->
		<item id="7364" countmax="4" chance="10000"/><!-- sniper arrows -->
		<item id="5898" chance="1500"/><!-- bonelord eye -->
		<item id="2175" chance="7500"/><!-- spellbook -->
		<item id="2518" chance="750"/><!-- bonelord shield -->	
	</loot>
</monster>
