<?xml version="1.0" encoding="UTF-8"?>
<monster name="Elder Bonelord" nameDescription="an elder bonelord" race="blood" experience="280" speed="270" manacost="0">
	<health now="1100" max="1100"/>
	<look type="108" corpse="6037"/>
	<targetchange interval="5000" chance="8"/>
	<strategy attack="100" defense="0"/>
	<flags>
		<flag summonable="0"/>
		<flag attackable="1"/>
		<flag hostile="1"/>
		<flag illusionable="1"/>
		<flag convinceable="0"/>
		<flag pushable="0"/>
		<flag canpushitems="1"/>
		<flag canpushcreatures="0"/>
		<flag targetdistance="4"/>
		<flag staticattack="90"/>
		<flag runonhealth="0"/>
	</flags>
	<attacks>
		<attack name="melee" interval="2000" skill="10" attack="55"/>
		<attack name="energy" interval="1000" chance="8" range="7" min="0" max="-60">
			<attribute key="shootEffect" value="energy"/>
		</attack>
		<attack name="fire" interval="1000" chance="7" range="7" min="0" max="-80">
			<attribute key="shootEffect" value="fire"/>
		</attack>
		<attack name="physical" interval="1000" chance="9" range="7" min="-70" max="-90">
			<attribute key="shootEffect" value="suddendeath"/>
			<attribute key="areaEffect" value="mortarea"/>
		</attack>
		<attack name="poison" interval="1000" chance="8" range="7" min="0" max="-70">
			<attribute key="shootEffect" value="poison"/>
		</attack>
		<attack name="lifedrain" interval="1000" chance="6" range="7" min="0" max="-85">
			<attribute key="areaEffect" value="redshimmer"/>
		</attack>
		<attack name="manadrain" interval="1000" chance="6" range="7" min="0" max="-40">
			<attribute key="areaEffect" value="redshimmer"/>
		</attack>
	</attacks>
	<defenses armor="13" defense="13"/>
	<elements>
		<element energyPercent="20"/>
		<element icePercent="30"/>
		<element deathPercent="30"/>
		<element firePercent="-10"/>
	</elements>
	<immunities>
		<immunity lifedrain="1"/>
		<immunity invisible="1"/>
		<immunity earth="1"/>
	</immunities>
	<summons maxSummons="6">
		<summon name="Gazer" interval="1000" chance="13" max="4"/>
		<summon name="Crypt Shambler" interval="1000" chance="12" max="2"/>
	</summons>
	<voices interval="5000" chance="10">
		<voice sentence="Let me take a look at you!"/>
		<voice sentence="Inferior creatures, bow before my power!"/>
		<voice sentence="659978 54764!"/>
		<voice sentence="653768764!"/>
	</voices>
	<loot>
		<item id="2148" countmax="90" chance="30000"/><!-- gold coin -->
		<item id="7364" countmax="5" chance="10000"/><!-- sniper arrow -->
		<item id="5898" chance="1600"/><!-- bonelord eye -->
		<item id="11197" chance="1000"/><!-- giant eye -->
		<item id="11193" chance="20000"/><!-- elder bonelord tentacle -->
		<item id="12468" chance="9000"/><!-- Small Flask of Eyedrops -->
		<item id="2377" chance="6000"/><!-- two handed sword -->
		<item id="2509" chance="6000"/><!-- steel shield -->
		<item id="2175" chance="7500"/><!-- spellbook -->
		<item id="7589" chance="80"/><!-- strong mana potion -->
		<item id="3972" chance="19"/><!-- bonelord helmet -->
		<item id="2518" chance="400"/><!-- bonelord shield -->		
	</loot>
</monster>
