<?xml version="1.0" encoding="UTF-8"?>
<monster name="Deathbringer" nameDescription="deathbringer" race="undead" experience="5100" speed="300" manacost="0">
	<health now="8440" max="8440"/>
	<look type="231" corpse="7349"/>
	<strategy attack="100" defense="0"/>
	<flags>
		<flag summonable="0"/>
		<flag attackable="1"/>
		<flag hostile="1"/>
		<flag illusionable="0"/>
		<flag convinceable="0"/>
		<flag pushable="0"/>
		<flag canpushitems="1"/>
		<flag targetdistance="1"/>
	</flags>
	<attacks>
		<attack name="melee" interval="2000" min="0" max="-460" />
		<attack name="poison" interval="1000" chance="10" range="7" radius="4" target="1" min="0" max="-220">
			<attribute key="shootEffect" value="poison"/>
			<attribute key="areaEffect" value="redspark"/>
		</attack>
		<attack name="poison" interval="2000" chance="12" length="8" spread="3" min="0" max="-400">
			<attribute key="areaEffect" value="poison"/>
		</attack>
		<attack name="lifedrain" interval="3000" chance="30" length="8" spread="0" min="-0" max="-595">
			<attribute key="areaEffect" value="redspark"/>
		</attack>
        <attack name="death" interval="1000" chance="22" target="1" min="0" max="-400">
            <attribute key="areaEffect" value="mortarea"/>
            <attribute key="shootEffect" value="suddendeath"/>
        </attack>
	</attacks>
	<defenses armor="20" defense="20"/>
	<elements>
		<element energyPercent="-10"/>
		<element holyPercent="-10"/>
	</elements>
	<immunities>
		<immunity death="1"/>
		<immunity fire="1"/>
		<immunity iece="1"/>
		<immunity earth="1"/>
		<immunity outfit="1"/>
		<immunity drunk="1"/>
		<immunity invisible="1"/>
	</immunities>
	<voices interval="5000" chance="10">
		<voice sentence="YOU FOOLS WILL PAY!" yell="1"/>
		<voice sentence="YOU ALL WILL DIE!!" yell="1"/>
		<voice sentence="DEATH, DESTRUCTION!" yell="1"/>
		<voice sentence="I will eat your soul!"/>
	</voices>
</monster>
