<?xml version="1.0" encoding="UTF-8"?>
<monster name="The Obliverator" nameDescription="the obliverator" race="fire" experience="6000" speed="280" manacost="0">
	<health now="9020" max="9020"/>
	<look type="35" corpse="7349"/>
	<strategy attack="100" defense="0"/>
	<flags>
		<flag summonable="0"/>
		<flag attackable="1"/>
		<flag hostile="1"/>
		<flag illusionable="0"/>
		<flag convinceable="0"/>
		<flag pushable="0"/>
		<flag canpushitems="1"/>
		<flag targetdistance="1"/>
	</flags>
	<attacks>
		<attack name="melee" interval="2000" min="0" max="-750" />
		<attack name="manadrain" interval="2000" chance="20" range="7" min="0" max="-80"/>
		<attack name="fire" interval="1000" chance="20" range="5" radius="7" target="1" min="0" max="-300">
			<attribute key="areaEffect" value="firearea"/>
			<attribute key="shootEffect" value="fire"/>
		</attack>
		<!--<attack name="combustion" interval="2000" chance="20" min="-100" max="-350"/>-->
		<attack name="energy" interval="3000" chance="30" length="8" spread="0" min="0" max="-250">
			<attribute key="areaEffect" value="energy"/>
		</attack>
	</attacks>
	<defenses armor="40" defense="45">
		<defense name="healing" interval="4000" chance="5" min="50" max="200">
			<attribute key="areaEffect" value="blueshimmer"/>
		</defense>
	</defenses>
	<elements>
		<element energyPercent="50"/>
		<element deathPercent="30"/>
		<element holyPercent="-15"/>
	</elements>
	<immunities>
		<immunity fire="1"/>
		<immunity outfit="1"/>
		<immunity drunk="1"/>
		<immunity invisible="1"/>
	</immunities>
	<summons maxSummons="4">
		<summon name="fire elemental" interval="2000" chance="30"/>
	</summons>
	<voices interval="1000" chance="10">
		<voice sentence="NO ONE WILL BEAT ME!"/>
	</voices>
</monster>
