<?xml version="1.0" encoding="UTF-8"?>
<monster name="Barbarian Skullhunter" nameDescription="a barbarian skullhunter" race="blood" experience="85" speed="270" manacost="450">
	<health now="135" max="135"/>
	<look type="254" head="0" body="77" legs="77" feet="114" corpse="6080"/>
	<targetchange interval="60000" chance="0"/>
	<strategy attack="100" defense="0"/>
	<flags>
		<flag summonable="0"/>
		<flag attackable="1"/>
		<flag hostile="1"/>
		<flag illusionable="0"/>
		<flag convinceable="1"/>
		<flag pushable="0"/>
		<flag canpushitems="1"/>
		<flag staticattack="70"/>
		<flag lightlevel="0"/>
		<flag lightcolor="0"/>
		<flag targetdistance="1"/>
	</flags>
	<attacks>
		<attack name="melee" interval="2000" skill="20" attack="40"/>
	</attacks>
	<defenses armor="8" defense="8"/>
	<elements>
		<element icePercent="50"/>
		<element holyPercent="10"/>
		<element energyPercent="20"/>
		<element physicalPercent="10"/>
		<element earthPercent="-10"/>
		<element deathPercent="-5"/>
	</elements>
	<immunities>
		<immunity drunk="1"/>
		<immunity paralyze="1"/>
	</immunities>
	<voices interval="2000" chance="5">
		<voice sentence="You will become my trophy."/>
		<voice sentence="Fight harder, coward."/>
		<voice sentence="Show that you are a worthy opponent."/>
	</voices>
	<loot>
		<item id="2148" countmax="30" chance="40000"/><!-- gold coin -->
		<item id="2050" chance="47500"/><!-- torch -->
		<item id="2460" chance="17000"/><!-- brass helmet -->
		<item id="2403" chance="19250"/><!-- knife -->
		<item id="2473" chance="9000"/><!-- viking helmet -->
		<item id="2483" chance="3850"/><!-- scale armor -->
		<item id="2229" chance="1300"/><!-- skull -->
		<item id="7449" chance="450"/><!-- crystal sword -->
		<item id="5913" chance="2500"/><!-- brown piece of cloth -->
		<item id="2168" chance="750"/><!-- life ring -->
		<item id="7462" chance="400"/><!-- ragnir helmet -->
		<item id="7457" chance="300"/><!-- fur boots -->
	</loot>
</monster>