<?xml version="1.0" encoding="UTF-8"?>
<actions>
	<action itemid="12710-12714" event="script" value="blessing_full.lua"/>
	<action itemid="12885" event="script" value="pacote_fundador.lua"/>

	<!-- WarCastle -->
	<action uniqueid="45448" event="script" value="woe.lua"/>
	
	<!-- Roshamuul -->
	<action actionid="45492" event="script" value="roshamuul/pile_bones.lua"/>
	
	<!-- Falcon Yalahar -->
	<action actionid="45505" event="script" value="falcon_yalahar.lua"/>
	<action actionid="45507" event="script" value="falcon_yalahar_back.lua"/>
	<action actionid="45508" event="script" value="falcon_yalahar2.lua"/>
	<action actionid="45509" event="script" value="falcon_yalahar_back2.lua"/>
	
	<!-- ArenaPVP -->
	<action actionid="45466" event="script" value="arena1.lua"/>
	<action actionid="45467" event="script" value="arena2.lua"/>
	
	<!-- Alavancas Underworld Itens -->
	<action actionid="45472" event="script" value="underworld/frozen_arrow.lua"/>
	<action actionid="45473" event="script" value="underworld/magic_protection.lua"/>
	<action actionid="45474" event="script" value="underworld/physical_protection.lua"/>
	<action actionid="45475" event="script" value="underworld/magic_amulet.lua"/>
	<action actionid="45476" event="script" value="underworld/physical_amulet.lua"/>
	<action actionid="45477" event="script" value="underworld/elite_helmet.lua"/>
	<action actionid="45478" event="script" value="underworld/elite_armor.lua"/>
	<action actionid="45479" event="script" value="underworld/elite_legs.lua"/>
	<action actionid="45480" event="script" value="underworld/royal_helmet.lua"/>
	<action actionid="45481" event="script" value="underworld/royal_armor.lua"/>
	<action actionid="45482" event="script" value="underworld/royal_legs.lua"/>
	<action actionid="45483" event="script" value="underworld/magic_helmet.lua"/>
	<action actionid="45484" event="script" value="underworld/magic_armor.lua"/>
	<action actionid="45485" event="script" value="underworld/magic_legs.lua"/>
	
	<!-- Sistemas -->
	<action actionid="42001" event="script" value="other/banana.lua"/>
	<action actionid="42002" event="script" value="other/food_train.lua"/>
	<action actionid="42020" event="script" value="other/laranja.lua"/>
	<action actionid="42021" event="script" value="other/manga.lua"/>
	<action itemid="12686" event="script" value="other/event_coin.lua"/>
	<action itemid="10021" event="script" value="other/soft_boots.lua"/>
	<action itemid="10022" event="script" value="other/firewalker_boots.lua"/>
	<action actionid="45349" event="script" value="other/moon_backpack_quest.lua"/>
	<action actionid="45361" event="script" value="quests/daily_alavanca.lua"/>
	<action actionid="45362" event="script" value="quests/daily_reward.lua"/>
	<action itemid="10309" event="script" value="other/the_noxious_spawn.lua"/>
	<action itemid="12801" event="script" value="other/elemental_loot.lua"/>
	<action itemid="12802" event="script" value="other/elemental_item.lua"/>
	<action itemid="12803" event="script" value="upgrade_gem.lua"/>
	<action itemid="12804" event="script" value="dodge.lua"/>
	<action itemid="12805" event="script" value="critical.lua"/>
	<action itemid="12806" event="script" value="aura_2.lua"/>
	<action itemid="12807" event="script" value="aura_3.lua"/>
	<action itemid="12808" event="script" value="aura_exc.lua"/>
	<action itemid="12849" event="script" value="stamina_refiller.lua"/>
	<action itemid="12850" event="script" value="full_stamina_refiller.lua"/>
	<action itemid="12856" event="script" value="other/ascending_ferumbras_doll.lua"/>
	<action itemid="12855" event="script" value="underworld_package.lua"/>
	<action actionid="45465" event="script" value="other/chaves.lua"/>
	<action itemid="5928" event="script" value="other/goldfish.lua"/>
	<action itemid="12879-12881" event="script" value="vipdays.lua"/>
	<action itemid="12890-12891" event="script" value="claw_ring.lua"/>
	<action itemid="12892" event="script" value="serpent_ring.lua"/>
	<action actionid="45495" event="script" value="set_quest_tp1.lua"/>
	<action actionid="45498" event="script" value="set_quest_lever2_1.lua"/>
	<action actionid="45499" event="script" value="set_quest_lever2_2.lua"/>
	<action actionid="45500" event="script" value="set_quest_lever2_3.lua"/>
	
	<!-- Elements UP -->
	<action itemid="12795" event="script" value="holy_element.lua"/>
	<action itemid="12796" event="script" value="ice_element.lua"/>
	<action itemid="12797" event="script" value="fire_element.lua"/>
	<action itemid="12798" event="script" value="earth_element.lua"/>
	<action itemid="12799" event="script" value="energy_element.lua"/>
	<action itemid="12800" event="script" value="death_element.lua"/>
	
	
	<!-- CAVE EXC -->
	<action actionid="45303" event="script" value="cave_exc/sala_1.lua"/>
	<action actionid="45304" event="script" value="cave_exc/sala_2.lua"/>
	<action actionid="45305" event="script" value="cave_exc/sala_3.lua"/>
	<action actionid="45306" event="script" value="cave_exc/sala_4.lua"/>
	<action actionid="45307" event="script" value="cave_exc/sala_5.lua"/>
	<action actionid="45308" event="script" value="cave_exc/sala_6.lua"/>
	<action actionid="45309" event="script" value="cave_exc/sala_7.lua"/>
	<action actionid="45310" event="script" value="cave_exc/sala_8.lua"/>
	<action actionid="45311" event="script" value="cave_exc/sala_9.lua"/>
	<action actionid="45312" event="script" value="cave_exc/sala_10.lua"/>
	<action actionid="45313" event="script" value="cave_exc/sala_11.lua"/>
	<action actionid="45314" event="script" value="cave_exc/sala_12.lua"/>
	
	<action actionid="45331" event="script" value="cave_exc/cave_1.lua"/>
	<action actionid="45332" event="script" value="cave_exc/cave_2.lua"/>
	<action actionid="45333" event="script" value="cave_exc/cave_3.lua"/>
	<action actionid="45334" event="script" value="cave_exc/cave_4.lua"/>
	<action actionid="45335" event="script" value="cave_exc/cave_5.lua"/>
	<action actionid="45336" event="script" value="cave_exc/cave_6.lua"/>
	<action actionid="45337" event="script" value="cave_exc/cave_7.lua"/>
	<action actionid="45338" event="script" value="cave_exc/cave_8.lua"/>
	<action actionid="45339" event="script" value="cave_exc/cave_9.lua"/>
	<action actionid="45340" event="script" value="cave_exc/cave_10.lua"/>
	<action actionid="45341" event="script" value="cave_exc/cave_11.lua"/>
	<action actionid="45342" event="script" value="cave_exc/cave_12.lua"/>
	
	<!-- Eventos -->
	<action actionid="61520;61521;61522;61523;61524;61525;61526;61527" event="script" value="eventos/killuaBomberman.lua"/>
	<action actionid="45391" event="script" value="eventos/snowball.lua"/>
	<action actionid="45398" event="script" value="eventos/bc_ponte.lua"/>
	
	<!-- DEMON OAK QUEST -->
	<action itemid="8293" event="script" value="demonOak/demonOakHallowedAxe.lua"/>
	<action uniqueid="45290" event="script" value="demonOak/demonOakGraveStone.lua" />
	<action uniqueid="45291-45294" event="script" value="demonOak/demonOakChests.lua"/>
	
	<!-- PITS OF INFERNO -->
	<action actionid="45119" event="script" value="poi/lever_oil.lua"/>
	<action actionid="45164" event="script" value="poi/fire_entrance_poi1.lua"/>
	<action actionid="45165" event="script" value="poi/fire_entrance_poi2.lua"/>
	<action actionid="45166" event="script" value="poi/fire_entrance_poi3.lua"/>
	<action actionid="45167" event="script" value="poi/fire_entrance_poi4.lua"/>
	<action actionid="45168" event="script" value="poi/15_lever.lua"/>
	<action actionid="45169" event="script" value="poi/15_lever_nobug.lua"/>
	<action actionid="45170" event="script" value="poi/book_poi.lua"/>
	<action actionid="45171" event="script" value="poi/lever1_poi.lua"/>
	<action actionid="45172" event="script" value="poi/lever2_poi.lua"/>
	<action actionid="45175" event="script" value="poi/lever3_poi.lua"/>
	<action actionid="45205" event="script" value="poi/lever4_poi.lua"/>
	<action actionid="45208" event="script" value="poi/lever5_poi.lua"/>
	<action actionid="45209" event="script" value="poi/lever6_poi.lua"/>
	<action actionid="45210" event="script" value="poi/lever7_poi.lua"/>
	<action actionid="45211" event="script" value="poi/lever8_poi.lua"/>
	<action actionid="45214" event="script" value="poi/tapestry_poi.lua"/>
	<action actionid="45218" event="script" value="poi/espelho_tp_poi.lua"/>
	<action actionid="45219" event="script" value="poi/book_poi2.lua"/>
	
	<!-- Inquisition -->
	<action actionid="45254" event="script" value="quests/lever_wall_inq_boss1.lua"/>
	<action actionid="45255" event="script" value="quests/lever_wall_inq_boss2.lua"/>
	<action actionid="45256" event="script" value="quests/lever_wall_inq_boss3.lua"/>
	<action actionid="45257" event="script" value="quests/lever_wall_inq_boss4.lua"/>
	
	<!-- POT ALAVANCAS -->
	<action actionid="42003" event="script" value="potlavanca/mana_pot.lua"/>
	<action actionid="42004" event="script" value="potlavanca/strong_mana_pot.lua"/>
	<action actionid="42005" event="script" value="potlavanca/great_mana_pot.lua"/>
	<action actionid="42006" event="script" value="potlavanca/great_spirit_pot.lua"/>
	<action actionid="42007" event="script" value="potlavanca/health_pot.lua"/>
	<action actionid="42008" event="script" value="potlavanca/strong_health_pot.lua"/>
	<action actionid="42009" event="script" value="potlavanca/great_health_pot.lua"/>
	<action actionid="42010" event="script" value="potlavanca/ultimate_health_pot.lua"/>
	<action actionid="42011" event="script" value="potlavanca/mana_rune.lua"/>
	<action actionid="42012" event="script" value="potlavanca/uh.lua"/>
	<action actionid="42013" event="script" value="potlavanca/sd.lua"/>
	<action actionid="42014" event="script" value="potlavanca/explosion.lua"/>
	<action actionid="42015" event="script" value="potlavanca/gfb.lua"/>
	<action actionid="42016" event="script" value="potlavanca/thunderstorm.lua"/>
	<action actionid="42017" event="script" value="potlavanca/avalanche.lua"/>
	<action actionid="42018" event="script" value="potlavanca/stone.lua"/>
	<action actionid="42019" event="script" value="potlavanca/holy.lua"/>
	
	<!-- Default script, responsible for destroyItem -->
	<action default="yes" event="script" value="default.lua"/>

	<!-- Quests -->
	<action actionid="2000" event="script" value="quests/system.lua"/>
	<action itemid="1740;1747-1749" event="script" value="quests/quests.lua"/>
	<action actionid="45108" event="script" value="quests/quest_100k.lua"/>
	<action actionid="45110" event="script" value="quests/quest_100k_entrance.lua"/>
	<action uniqueid="42225" event="script" value="quests/annihilator.lua"/>
	<action actionid="42226" event="script" value="other/annihilator_end.lua"/>
	<action actionid="58261" event="script" value="quests/azerus.lua"/>
	<action actionid="58263" event="script" value="quests/azerus.lua"/>
	<action actionid="45261" event="script" value="quests/wote.lua"/>
	<action actionid="45265" event="script" value="quests/demon_helmet.lua"/>
	<action actionid="42361-42365;42371-42375;42381-42385" event="script" value="quests/arena_svar.lua"/>
	<action actionid="45284" event="script" value="quests/stone_promotionquest.lua"/>
	<action actionid="45347" event="script" value="quests/tp_weapon_quest.lua"/>
	<action actionid="45351" event="script" value="quests/canivete_carrinho1.lua"/>
	<action actionid="45352" event="script" value="quests/canivete_carrinho2.lua"/>
	<action actionid="45422" event="script" value="quests/death_ring.lua"/>

	<!-- Custom -->
	<action actionid="45105" event="script" value="custom/espelho_espelho_meu.lua"/>
	<action actionid="45106" event="script" value="custom/espelho_espelho_meu_pt2.lua"/>
	
	<!-- Text -->
	<action itemid="1957;7722;10122" event="script" value="other/text.lua"/>

	<!-- Weapons enchanting (Gems) -->
	<action itemid="2146-2147;2149-2150;7759-7762" event="script" value="other/enchanting.lua"/>

	<!-- Change gold -->
	<action itemid="2148;2152;2160;12668" event="script" value="other/changegold.lua"/>

	<!-- Tools -->
	<action itemid="2420;2442" event="script" value="tools/machete.lua"/>
	<action itemid="2550" event="script" value="tools/scythe.lua"/>
	<action itemid="2580;10223" event="script" value="tools/fishing.lua" allowfaruse="1"/>
	<action itemid="2554;5710" event="script" value="tools/shovel.lua"/>
	<action itemid="2120;7731" event="script" value="tools/rope.lua"/>
	<action itemid="2553" event="script" value="tools/pick.lua"/>
	<action itemid="5908;5942" event="script" value="tools/skinning.lua"/>
	<action itemid="10511;10513;10515" event="script" value="tools/squeeze.lua"/>
	<action itemid="10512;10514;10516" event="script" value="tools/squeeze_2.lua"/>
	<action itemid="5468" event="script" value="tools/firebug.lua"/>

	<!-- Consumables (Liquids+Foods) -->
	<action itemid="1775;2005-2009;2011-2015;2023;2031-2034;2562;2574-2577;3941-3942;5553;10150" event="script" value="liquids/containers.lua"/>
	<action itemid="6558" event="script" value="liquids/demonic_blood.lua"/>
	<action itemid="7588-7591;8472-8473;7618;7620;8704" event="script" value="liquids/potions.lua"/>
	<action itemid="7439" event="script" value="liquids/berserk_potion.lua"/>
	<action itemid="7440" event="script" value="liquids/mastermind_potion.lua"/>
	<action itemid="7443" event="script" value="liquids/bullseye_potion.lua"/>
	<action itemid="8474" event="script" value="liquids/antidote_potion.lua"/>
	<action itemid="2328;2362;2666-2691;2695-2696;2787-2796;5097;5678;6125;6278-6280;6393-6394;6501;6541-6545;6569;6574;7158-7159;7245;7372-7377;7909;7963;8112;8838-8845;8847;9005;9114;10454;11246;11429;12415-12418;12637-12639" event="script" value="foods/food.lua"/>
	<action itemid="9992" event="script" value="foods/rotworm_stew.lua"/>
	<action itemid="9993" event="script" value="foods/hydra_tongue_salad.lua"/>
	<action itemid="9994" event="script" value="foods/roasted_dragon_wings.lua"/>
	<action itemid="9995" event="script" value="foods/fried_tropical_terrorbird.lua"/>
	<action itemid="9996" event="script" value="foods/banana_chocolate_shake.lua"/>
	<action itemid="9997" event="script" value="foods/veggie_casserole.lua"/>
	<action itemid="9998" event="script" value="foods/filled_jalapeno_peppers.lua"/>
	<action itemid="9999" event="script" value="foods/blessed_steak.lua"/>
	<action itemid="10000" event="script" value="foods/carrot_cake.lua"/>
	<action itemid="10001" event="script" value="foods/northern_fishburger.lua"/>
	<action itemid="12540" event="script" value="foods/coconut_shrimp_bake.lua"/>
	<action itemid="12542" event="script" value="foods/pot_of_blackjack.lua"/>
	<action itemid="12543" event="script" value="foods/demonic_candy_ball.lua"/>
	<action itemid="12544" event="script" value="foods/sweet_mangonaise_elixir.lua"/>

	<!-- Spellbooks -->
	<action itemid="2175;6120;8190;8900-8904;8918;12647" event="script" value="other/spellbook.lua"/>

	<!-- Construction kits -->
	<action itemid="3901-3938;5086-5088;6114-6115;6372-6373;7503;7700;7960-7962;8692-8692;9974;11124;11126;11133;11205;12876" event="script" value="other/constructionkits.lua"/>
	<action itemid="7904-7907" event="script" value="other/furniturebeds.lua"/>

	<!-- Music, instruments -->
	<action itemid="2070-2085;2095;2332;2364;2367-2374;3951-3953;3957;5786;6123;9561;6572;12683" event="script" value="other/music.lua"/>

	<!-- Teleport (stairs, ladders) -->
	<action itemid="430;1369;1386;3678;5543;8580;8599;10035;13010" event="script" value="other/teleport.lua"/>

	<!-- Bread Creating -->
	<action itemid="2692;2694;6277" event="script" value="other/createbread.lua"/>
	<action itemid="5865" event="script" value="other/juicesqueezer.lua"/>

	<!-- Doors -->
		<!-- Doors -->
	<action itemid="1209-1214;1219-1262;1539-1542;3535-3552;4913-4918;5082-5085;5098-5145;5278-5295;5515-5518;5732-5737;5745-5749;6192-6209;6249-6266;6795-6802;6891-6908;7033-7050;7054-7057;8541-8558;9165-9184;9267-9284;10268-10285;10468-10486;10775-10777;10780-10786;10789-10792;12092-12105;12188-12190;12193-12199;12202-12205" event="script" value="other/doors.lua"/>
		<!-- Keys -->
	<action itemid="2086-2092;10032;10091" event="script" value="other/keys.lua"/>
		<!-- Windows -->
	<action itemid="5303-5305;6436-6473;6788-6791;7025-7032;10264-10267;10488-10491" event="script" value="other/windows.lua"/>

	<!-- Watches -->
	<action itemid="1728-1731;1877;1881;2036;6091-6092;8187" event="script" value="other/watch.lua"/>

	<!-- Reaction -->
	<action itemid="5080;5669;5791;6512;6388;6566;8974;8977;8981;8982" event="script" value="other/reaction.lua"/>
	<action itemid="8985;9002;9004;10018;10063-10064;10107-10108;10318;10718-10719" event="script" value="other/reaction.lua"/>

	<!-- Other -->
	<action itemid="2566;2096" event="script" value="other/pumpkinhead.lua"/>
	<action itemid="2114" event="script" value="other/piggybank.lua"/>
	<action itemid="2600" event="script" value="tools/inkwell.lua"/>
	<action itemid="2785" event="script" value="other/blueberrybush.lua"/>
	<action itemid="5792-5797" event="script" value="other/dice.lua"/>
	<action itemid="6570-6571" event="script" value="other/surprisebag.lua"/>
	<action itemid="6576" event="script" value="other/fireworksrocket.lua"/>
	<action itemid="6578" event="script" value="other/partyhat.lua"/>
	<action itemid="8110" event="script" value="other/present.lua"/>
	<action itemid="7735" event="script" value="other/spellwand.lua"/>
	<action itemid="7537;7585" event="script" value="other/spideregg.lua" />
	<action itemid="6561;12424" event="script" value="other/blessings.lua"/>
	<action actionid="45101" event="script" value="other/gm_island_cadeira.lua"/>
	<action itemid="5957" event="script" value="other/lottery_ticket.lua"/>
	<action itemid="9930" event="script" value="other/rust_remover.lua"/>

	<!-- offLineTraining -->
	<action itemid="1444;10349;8626;10353;8834" event="script" value="other/offlinetraining.lua"/>
</actions>
