<?xml version="1.0" encoding="UTF-8"?>
<monster name="Wailing Widow" nameDescription="a wailing widow" race="venom" experience="450" speed="280" manacost="0">
	<health now="850" max="850"/>
	<look type="347" corpse="11310"/>
	<targetchange interval="5000" chance="8"/>
	<strategy attack="100" defense="0"/>
	<flags>
		<flag summonable="0"/>
		<flag attackable="1"/>
		<flag hostile="1"/>
		<flag illusionable="0"/>
		<flag convinceable="0"/>
		<flag pushable="0"/>
		<flag canpushitems="1"/>
		<flag canpushcreatures="1"/>
		<flag targetdistance="1"/>
		<flag staticattack="90"/>
		<flag runonhealth="366"/>
	</flags>
	<attacks>
		<attack name="melee" interval="2000" skill="50" attack="40" poison="20"/>
		<attack name="drunk" interval="2000" chance="10" range="7" radius="2" target="1">
			<attribute key="areaEffect" value="rednote"/>
		</attack>
		<attack name="lifedrain" interval="2000" chance="15" radius="3" target="0" min="-40" max="-50">
			<attribute key="areaEffect" value="redshimmer"/>
		</attack>
		<attack name="poison" interval="2000" chance="10" range="7" min="-60" max="-110">
			<attribute key="shootEffect" value="poison"/>
			<attribute key="areaEffect" value="poison"/>
	</attack>
	</attacks>
	<defenses armor="35" defense="35">
		<defense name="healing" interval="2000" chance="15" min="70" max="100">
			<attribute key="areaEffect" value="blueshimmer"/>
		</defense>
		<defense name="speed" interval="2000" chance="20" speedchange="450" duration="5000">
			<attribute key="areaEffect" value="redshimmer"/>
		</defense>
	</defenses>
	<elements>
		<element firePercent="-1"/>
		<element holyPercent="1"/>
	</elements>
	<immunities>
		<immunity invisible="1"/>
		<immunity death="1"/>
		<immunity earth="1"/>
	</immunities>
	<loot>
		<item id="2148" countmax="100" chance="100000" /><!-- gold coin -->
		<item id="2148" countmax="40" chance="100000" /><!-- gold coin -->
		<item id="11328" chance="5882" /><!-- widow's mandibles -->
		<item id="7620" chance="1785" /><!-- mana potion -->
		<item id="2381" chance="1785" /><!-- halberd -->
		<item id="11323" chance="793" /><!-- zaoan halberd -->
		<item id="7618" chance="4761" /><!-- health potion -->
		<item id="2510" chance="2854" /><!-- plate shield -->	
		<item id="2796" chance="1408" /><!-- green mushroom -->
		<item id="11329" chance="793" /><!-- wailing widow's necklace -->		
	</loot>
</monster>