<?xml version="1.0" encoding="UTF-8"?>
<monster name="Bovinus" nameDescription="bovinus" race="blood" experience="60" speed="170" manacost="0">
	<health now="150" max="150"/>
	<look type="25" corpse="7349"/>
	<strategy attack="100" defense="0"/>
	<flags>
		<flag summonable="0"/>
		<flag attackable="1"/>
		<flag hostile="1"/>
		<flag illusionable="0"/>
		<flag convinceable="0"/>
		<flag pushable="0"/>
		<flag canpushitems="1"/>
		<flag targetdistance="1"/>
	</flags>
	<attacks>
		<attack name="melee" interval="2000" min="0" max="-50" />
	</attacks>
	<elements>
		<element firePercent="20"/>
	</elements>
	<immunities>
		<immunity outfit="1"/>
		<immunity drunk="1"/>
		<immunity invisible="1"/>
	</immunities>
	<defenses armor="10" defense="10"/>
</monster>
