<?xml version="1.0" encoding="UTF-8" ?>
<monster name="Penguin" nameDescription="penguin" race="blood" experience="1" speed="156" manacost="300">
	<health now="33" max="33"/>
	<look type="250" corpse="7334"/>
	<targetchange interval="2000" chance="0"/>
	<strategy attack="100" defense="0"/>
	<flags>
		<flag summonable="1"/>
		<flag attackable="1"/>
		<flag hostile="1"/>
		<flag illusionable="1"/>
		<flag convinceable="1"/>
		<flag pushable="0"/>
		<flag canpushitems="0"/>
		<flag canpushcreatures="0"/>
		<flag targetdistance="1"/>
		<flag runonhealth="15"/>
	</flags>
	<attacks>
		<attack name="melee" interval="2000" skill="10" attack="3"/>
	</attacks>
	<defenses armor="8" defense="8"/>
	<elements>
		<element icePercent="20"/>
		<element energyPercent="-10"/>
	</elements>
	<loot>
		<item id="2667" countmax="2" chance="5000"/><!-- fish -->
		<item id="7159" chance="5000"/><!-- green perch -->
		<item id="7158" chance="2000"/><!-- rainbow trout -->
	</loot>
</monster>