<?xml version="1.0" encoding="UTF-8"?>
<monster name="Spirit of Fire" nameDescription="the spirit of fire" race="blood" experience="950" speed="220" manacost="0">
	<health now="2140" max="2140"/>
	<look type="242" corpse="7349"/>
	<strategy attack="100" defense="0"/>
	<flags>
		<flag summonable="0"/>
		<flag attackable="1"/>
		<flag hostile="1"/>
		<flag illusionable="0"/>
		<flag convinceable="0"/>
		<flag pushable="0"/>
		<flag canpushitems="1"/>
		<flag targetdistance="1"/>
	</flags>
	<attacks>
		<attack name="melee" interval="2000" min="0" max="-300"/>
		<attack name="firefield" interval="1000" chance="15" range="7" radius="4" target="1">
			<attribute key="shootEffect" value="fire"/>
		</attack>
		<attack name="fire" interval="1000" chance="20" range="7" min="0" max="-300">
			<attribute key="shootEffect" value="fire"/>
		</attack>
	</attacks>
	<defenses armor="50" defense="55">
	<defense name="healing" interval="3000" chance="15" min="10" max="65">
		<attribute key="areaEffect" value="blueshimmer"/>
	</defense>
	</defenses>
	<elements>
		<element energyPercent="20"/>
		<element icePercent="-13"/>
	</elements>
	<immunities>
		<immunity fire="1"/>
		<immunity outfit="1"/>
		<immunity drunk="1"/>
		<immunity invisible="1"/>
	</immunities>
	<voices interval="5000" chance="6">
		<voice sentence="Feel the heat."/>
	</voices>
</monster>