<?xml version="1.0" encoding="UTF-8"?>
<monster name="Spirit of Earth" nameDescription="the spirit of earth" race="undead" experience="800" speed="180" manacost="0">
	<health now="1200" max="1200"/>
	<look type="67" corpse="7349"/>
	<strategy attack="100" defense="0"/>
	<flags>
		<flag summonable="0"/>
		<flag attackable="1"/>
		<flag hostile="1"/>
		<flag illusionable="0"/>
		<flag convinceable="0"/>
		<flag pushable="0"/>
		<flag canpushitems="1"/>
		<flag targetdistance="1"/>
	</flags>
	<attacks>
		<attack name="melee" interval="2000" min="0" max="-180"/>
		<attack name="physical" interval="3000" chance="30" length="8" spread="0" min="0" max="-170">
			<attribute key="areaEffect" value="groundshaker" />
		</attack>
		<attack name="physical" interval="1000" chance="9" range="7" min="0" max="-130">
			<attribute key="shootEffect" value="smallstone"/>
		</attack>
		<attack name="lifedrain" interval="3000" chance="25" range="7" min="0" max="-160">
			<attribute key="areaEffect" value="redshimmer"/>
		</attack>
	</attacks>
	<defenses armor="32" defense="32"/>
	<elements>
		<element energyPercent="50"/>
		<element firePercent="-10"/>
	</elements>
	<immunities>
		<immunity outfit="1"/>
		<immunity drunk="1"/>
		<immunity invisible="1"/>
	</immunities>
	<voices interval="5000" chance="5">
		<voice sentence="Show your strengh ... or perish."/>
	</voices>
</monster>
